price,address,description,bedrooms,property_type,borough
415000,"Matilda House, St. Katharines Way, E1W","Matilda House, St. Katharines Way, E1WFlat11",,flat,
80000000,"The Knightsbridge Apartments, 199 Knightsbridge, London, SW7","The Knightsbridge Apartments, 199 Knightsbridge, London, SW7Penthouse55",,flat,
60000000,"One Hyde Park, Knightsbridge","One Hyde Park, KnightsbridgeApartment55",,flat,
59950000,"Avenue Road, St John's Wood, London, NW8, United Kingdom","Avenue Road, St John's Wood, London, NW8, United KingdomHouse108",,house,
49500000,"Balfour Place, Mayfair, London, W1K","Balfour Place, Mayfair, London, W1KEnd of Terrace78",,,
47000000,"Whistler Square, London, SW1W","Whistler Square, London, SW1WTown House78",,house,
47000000,"Whistler Square, Chelsea Barracks, London, SW1W, United Kingdom","Whistler Square, Chelsea Barracks, London, SW1W, United KingdomHouse66",,house,
47000000,"One Hyde Park, Knightsbridge","One Hyde Park, KnightsbridgeApartment55",,flat,
44000000,"Wilton Crescent, Belgravia, London, SW1X, United Kingdom","Wilton Crescent, Belgravia, London, SW1X, United KingdomHouse77",,house,
40000000,"Glebe Place, London, SW3","Glebe Place, London, SW3Apartment55",,flat,
32500000,"One Hyde Park, Knightsbridge, London, SW1X, United Kingdom","One Hyde Park, Knightsbridge, London, SW1X, United KingdomFlat44",,flat,
32000000,"Merton Lane, London, N6","Merton Lane, London, N6Detached109",,,Merton
32000000,"Merton Lane, Highgate, London, N6","Merton Lane, Highgate, London, N6House5",,house,Merton
30000000,"FREEHOLD House in Park Street, Mayfair, W1K","FREEHOLD House in Park Street, Mayfair, W1KTerraced1111",,house,
30000000,United Kingdom,United KingdomApartment43,,flat,
30000000,"Tregunter Road, Chelsea, London, SW10, United Kingdom","Tregunter Road, Chelsea, London, SW10, United KingdomHouse77",,house,
30000000,"Avenue Road, NW8","Avenue Road, NW8Detached83",,,
30000000,"Tregunter Road, London","Tregunter Road, LondonSemi-Detached77",,,
29975000,"Cadogan Place, Knightsbridge, London, SW1X","Cadogan Place, Knightsbridge, London, SW1XTerraced67",,,
29950000,"Piccadilly, Mayfair, London, W1J","Piccadilly, Mayfair, London, W1JPlot",,,
29950000,"Piccadilly, Mayfair","Piccadilly, MayfairHouse66",,house,
29500000,"Brick Street, Mayfair, London, England, W1J, United Kingdom","Brick Street, Mayfair, London, England, W1J, United KingdomHouse77",,house,
29500000,"Brick Street, Mayfair, London, W1J","Brick Street, Mayfair, London, W1JHouse77",,house,
29500000,"Brick Street, Mayfair, London, W1J","Brick Street, Mayfair, London, W1JTerraced75",,,
29500000,"Chester Square, London, SW1W","Chester Square, London, SW1WTerraced65",,,
350000,"Churchfield Avenue, North Finchley, N12","Churchfield Avenue, North Finchley, N12Apartment11",,flat,
29500000,"Chester Square, London, SW1W","Chester Square, London, SW1WTown House65",,house,
29000000,"Princes Gate, South Kensington, SW7","Princes Gate, South Kensington, SW7Town House76",,house,Kensington
29000000,"Princes Gate, Kensington, London, SW7","Princes Gate, Kensington, London, SW7End of Terrace77",,,Kensington
27000000,"Knights House, Cheval Place, Knightsbridge, SW7, United Kingdom","Knights House, Cheval Place, Knightsbridge, SW7, United KingdomBlock of Apartments89",,flat,
26500000,"Knightsbridge, Knightsbridge Gate, London, SW1X, United Kingdom","Knightsbridge, Knightsbridge Gate, London, SW1X, United KingdomFlat64",,flat,
26500000,"Knightsbridge Gate, 1 William Street, Knightsbridge, London, SW1X 7BF","Knightsbridge Gate, 1 William Street, Knightsbridge, London, SW1X 7BFPenthouse68",,flat,
26500000,"Knightsbridge Gate, Apartment 6, 55 Knightsbridge, SW1X","Knightsbridge Gate, Apartment 6, 55 Knightsbridge, SW1XPenthouse66",,flat,
26425000,"Park Crescent, London, W1B","Park Crescent, London, W1BDuplex56",,,
25000000,"One Hyde Park, Knightsbridge","One Hyde Park, KnightsbridgeApartment44",,flat,
25000000,"Lowndes Square, London, SW1X","Lowndes Square, London, SW1XTerraced109",,,
25000000,"Park Place Villas, Little Venice","Park Place Villas, Little VeniceHouse85",,house,
25000000,"Park Place Villas, London, W2","Park Place Villas, London, W2Detached86",,,
25000000,"Chester Square, Belgravia, SW1W","Chester Square, Belgravia, SW1WTerraced67",,,
25000000,"Park Place Villas, Little Venice, London, W9","Park Place Villas, Little Venice, London, W9Detached85",,,
25000000,"Prime Belgravia, London, SW1X","Prime Belgravia, London, SW1XApartment44",,flat,
25000000,"Lowndes Square, London, SW1X","Lowndes Square, London, SW1XTown House1010",,house,
25000000,"Cornwall Terrace, Regent's Park","Cornwall Terrace, Regent's ParkTerraced66",,,
25000000,"Chester Square, Belgravia, London, SW1W, United Kingdom","Chester Square, Belgravia, London, SW1W, United KingdomTown House67",,house,
25000000,"Chapel Street, Belgravia, London, SW1X, United Kingdom","Chapel Street, Belgravia, London, SW1X, United KingdomHouse65",,house,
25000000,"Park Place Villas, Little Venice, London, W2, United Kingdom","Park Place Villas, Little Venice, London, W2, United KingdomHouse87",,house,
25000000,"Marlborough Place, St John's Wood, London, NW8, United Kingdom","Marlborough Place, St John's Wood, London, NW8, United KingdomHouse55",,house,
25000000,"Chester Square, London","Chester Square, LondonHouse67",,house,
24950000,"St. John's Wood, London, NW8","St. John's Wood, London, NW8Detached810",,,
24950000,"Winnington Road, London, N2","Winnington Road, London, N2Detached69",,,
385000,"Teal Close, Beckton, London, E16","Teal Close, Beckton, London, E16Terraced21",,,
24950000,"Winnington Road, Hampstead, London, N2, United Kingdom","Winnington Road, Hampstead, London, N2, United KingdomHouse88",,house,
24950000,"Winnington Road, N2","Winnington Road, N2Detached66",,,
24500000,"Queen's Gate, South Kensington SW7","Queen's Gate, South Kensington SW7Terraced1211",,,Kensington
24000000,"Elsworthy Road, St John's Wood, London, NW3, United Kingdom","Elsworthy Road, St John's Wood, London, NW3, United KingdomHouse78",,house,
24000000,"One Kensington Gardens, Kensington Road, London","One Kensington Gardens, Kensington Road, LondonFlat55",,flat,Kensington
24000000,"'The Astor', Millbank SW1","'The Astor', Millbank SW1Apartment56",,flat,
24000000,"One Kensington Gardens, Kensington, London, W8 5NX","One Kensington Gardens, Kensington, London, W8 5NXApartment55",,flat,Kensington
24000000,"Clarges Street, Mayfair, London, W1J","Clarges Street, Mayfair, London, W1JFlat33",,flat,
24000000,"The Astor, Millbank, Westminster, London, SW1P, United Kingdom","The Astor, Millbank, Westminster, London, SW1P, United KingdomPenthouse58",,flat,Westminster
23709660,Mayfair Park Residence,Mayfair Park ResidenceApartment44,,flat,
23500000,"Holland Park Gate, 261 Kensington High Street, London, W8 6NA","Holland Park Gate, 261 Kensington High Street, London, W8 6NAApartment44",,flat,Kensington
23000000,"Lancaster Gate, Kensington","Lancaster Gate, KensingtonSemi-Detached66",,,Kensington
22950000,"Pembroke Gardens, Kensington,  W8","Pembroke Gardens, Kensington,  W8Detached87",,,Kensington
22950000,"Pembroke Gardens,London,W8","Pembroke Gardens,London,W8Detached76",,,
22500000,"William Street, Knightsbridge, London, SW1X, United Kingdom","William Street, Knightsbridge, London, SW1X, United KingdomFlat54",,flat,
22500000,"1 William Street, Knightsbridge, London, SW1X","1 William Street, Knightsbridge, London, SW1XPenthouse55",,flat,
22000000,"Ilchester Place, London, W14","Ilchester Place, London, W14Terraced75",,,
21950000,"Phillimore Gardens, London, W8","Phillimore Gardens, London, W8Semi-Detached54",,,
21950000,"Phillimore Gardens, Kensington, London, W8, United Kingdom","Phillimore Gardens, Kensington, London, W8, United KingdomHouse54",,house,Kensington
21500000,"Holland Park Road, LONDON, W14","Holland Park Road, LONDON, W14Detached65",,,
21500000,"Herbert Crescent, Knightsbridge, London, SW1X, United Kingdom","Herbert Crescent, Knightsbridge, London, SW1X, United KingdomHouse58",,house,
21000000,"Mansion House, Cowley Street, Westminster, London, SW1P, United Kingdom","Mansion House, Cowley Street, Westminster, London, SW1P, United KingdomHouse77",,house,Westminster
20995000,"Lowndes Square, London, SW1X","Lowndes Square, London, SW1XPenthouse84",,flat,
20000000,"Chelsea Square, London, SW3","Chelsea Square, London, SW3Terraced68",,,
775000,"Friary Road, North Finchley, N12","Friary Road, North Finchley, N12Terraced31",,,
20000000,"Mount Street, Mayfair, London, W1K","Mount Street, Mayfair, London, W1KFlat43",,flat,
20000000,"The Bishops Avenue, Hampstead, N2","The Bishops Avenue, Hampstead, N2House76",,house,
20000000,"Pont Street, Knightsbridge","Pont Street, KnightsbridgeFlat57",,flat,
20000000,"The Bishops Avenue, London","The Bishops Avenue, LondonDetached86",,,
20000000,"Esca House, 34 Palace Court, Notting Hill","Esca House, 34 Palace Court, Notting HillLand",,house,
20000000,"Avenue Road, St John's Wood, NW8","Avenue Road, St John's Wood, NW8House66",,house,
20000000,"Compton Avenue, N6","Compton Avenue, N6Land",,,
20000000,"Hertford Street, Mayfair, London., W1J","Hertford Street, Mayfair, London., W1JTerraced1010",,,
20000000,"Mount Street, Mayfair, London, W1K, United Kingdom","Mount Street, Mayfair, London, W1K, United KingdomFlat44",,flat,
20000000,"Hamilton Terrace, St John's Wood, London, NW8, United Kingdom","Hamilton Terrace, St John's Wood, London, NW8, United KingdomHouse67",,house,
19950000,"Residence 2.01, The OWO Residences, Whitehall, London, SW1A 2EU","Residence 2.01, The OWO Residences, Whitehall, London, SW1A 2EUApartment33",,flat,
19950000,"Chelsea Square, London, SW3","Chelsea Square, London, SW3Terraced66",,,
19950000,"Chelsea Square, Chelsea, London, SW3","Chelsea Square, Chelsea, London, SW3Terraced55",,,
19950000,Holland VIllas W14,Holland VIllas W14Villa77,,,
19950000,"Wadham Gardens, London, NW3","Wadham Gardens, London, NW3Detached64",,,
19950000,"Wadham Gardens, St Johns Wood, London, NW3, United Kingdom","Wadham Gardens, St Johns Wood, London, NW3, United KingdomHouse54",,house,
19950000,"Chelsea Square, London, SW3","Chelsea Square, London, SW3Terraced56",,,
19950000,"The Bishops Avenue, London, N2","The Bishops Avenue, London, N2Penthouse56",,flat,
19950000,"Montpelier Walk, Knightsbridge, London, SW7","Montpelier Walk, Knightsbridge, London, SW7Penthouse55",,flat,
19950000,"Wadham Gardens, London, NW3","Wadham Gardens, London, NW3Detached46",,,
19950000,"Holland Villas Road, Holland Park, London, W14, United Kingdom","Holland Villas Road, Holland Park, London, W14, United KingdomHouse77",,house,
19950000,"The Bishops Avenue, Hampstead, London, N2","The Bishops Avenue, Hampstead, London, N2Penthouse56",,flat,
19950000,"Residence 2.01, The OWO Residences By Raffles, Whitehall, London, SW1A","Residence 2.01, The OWO Residences By Raffles, Whitehall, London, SW1AApartment33",,flat,
19750000,"Hanover Terrace, London, NW1","Hanover Terrace, London, NW1Terraced76",,,
2350000,"John Islip Street, London, SW1P","John Islip Street, London, SW1PApartment23",,flat,
19500000,"Courtenay Avenue, N6","Courtenay Avenue, N6Detached63",,,
19500000,"The Lucan, Chelsea, London, SW3, United Kingdom","The Lucan, Chelsea, London, SW3, United KingdomPenthouse44",,flat,
19000000,"The Bryanston, Hyde Park, 55 Bryanston Street, Marylebone, London, W1H 7BZ","The Bryanston, Hyde Park, 55 Bryanston Street, Marylebone, London, W1H 7BZApartment44",,flat,
18950000,"Hanover Terrace, Regent's Park, London, NW1, United Kingdom","Hanover Terrace, Regent's Park, London, NW1, United KingdomHouse77",,house,
18950000,"Hanover Terrace, Regent's Park, NW1","Hanover Terrace, Regent's Park, NW1Terraced76",,,
18950000,"Hanover Terrace, London, NW1","Hanover Terrace, London, NW1Terraced76",,,
18950000,"Hanover Terrace, Regent's Park, London, NW1, United Kingdom","Hanover Terrace, Regent's Park, London, NW1, United KingdomHouse66",,house,
18950000,"Hanover Terrace, Regents Park","Hanover Terrace, Regents ParkHouse76",,house,
18625000,"The Pembridge Collection, 
Pembridge Gardens, W2","The Pembridge Collection, 
Pembridge Gardens, W2Detached1513",,,
18500000,"Portland Place, Marylebone, London, W1B, United Kingdom","Portland Place, Marylebone, London, W1B, United KingdomTown House57",,house,
18500000,"Portland Place, Marylebone, W1B","Portland Place, Marylebone, W1BEnd of Terrace56",,,
18500000,"The OWO Residences by Raffles, 57 Whitehall, London","The OWO Residences by Raffles, 57 Whitehall, LondonFlat44",,flat,
18500000,"Princes Gate, London, SW7","Princes Gate, London, SW7Flat56",,flat,
18500000,"The OWO, Whitehall, London, SW1A","The OWO, Whitehall, London, SW1AApartment45",,flat,
18500000,Princes Gate,Princes GateApartment5,,flat,
18250000,"Bourdon Street, Mayfair, London, W1K","Bourdon Street, Mayfair, London, W1KHouse66",,house,
18250000,"Grosvenor Square, Mayfair, London, W1K","Grosvenor Square, Mayfair, London, W1KPenthouse55",,flat,
18250000,"Grosvenor Square, Mayfair, London, W1K","Grosvenor Square, Mayfair, London, W1KPenthouse55",,flat,
18000000,"The OWO Residences, Whitehall, London, SW1A 2EU","The OWO Residences, Whitehall, London, SW1A 2EUApartment31",,flat,
18000000,"Highwood Lodge Farm Estate, Highwood Hill, Mill Hill, London, NW7","Highwood Lodge Farm Estate, Highwood Hill, Mill Hill, London, NW7Detached75",,,
18000000,"Grosvenor Square, Mayfair, London, W1K","Grosvenor Square, Mayfair, London, W1KFlat86",,flat,
18000000,"The Mount, London, NW3","The Mount, London, NW3Semi-Detached63",,,
18000000,"The Mount, London, NW3","The Mount, London, NW3Link Detached House64",,detached,
18000000,"Harley Street, Marylebone Village, London W1","Harley Street, Marylebone Village, London W1Terraced8",,,
4000000,"48 & 50 Brampton Grove, Hendon, London, NW4","48 & 50 Brampton Grove, Hendon, London, NW4Detached97",,,
18000000,"Grosvenor Square, Mayfair","Grosvenor Square, MayfairFlat76",,flat,
18000000,"The OWO Residences by Raffles, 57 Whitehall, London","The OWO Residences by Raffles, 57 Whitehall, LondonFlat33",,flat,
17950000,"Garway Road, Notting Hill","Garway Road, Notting HillDetached66",,,
17950000,"Garway Road, London, W2","Garway Road, London, W2Detached66",,,
17900000,"Herbert Crescent, Knightsbridge, London","Herbert Crescent, Knightsbridge, LondonHouse57",,house,
17750000,"Lancelot Place, Knightsbridge London, SW7, United Kingdom","Lancelot Place, Knightsbridge London, SW7, United KingdomTown House54",,house,
17500000,"Queen Annes Gate, St James's Park, London, SW1H","Queen Annes Gate, St James's Park, London, SW1HHouse77",,house,
17500000,"Cadogan Square and Clabon Mews, London, SW1X","Cadogan Square and Clabon Mews, London, SW1XEnd of Terrace45",,,
17500000,"Blomfield Road, Maida Vale, London, W9","Blomfield Road, Maida Vale, London, W9Detached55",,,
17500000,"Heath Drive, London, NW3","Heath Drive, London, NW3Detached77",,,
17500000,"Queen Anne's Gate, London, SW1H","Queen Anne's Gate, London, SW1HApartment87",,flat,
17500000,"Blomfield Road, Little Venice, W9","Blomfield Road, Little Venice, W9Detached54",,,
17500000,"Stratford, Manhattan Loft Gardens, London, E20, United Kingdom","Stratford, Manhattan Loft Gardens, London, E20, United KingdomFlat33",,flat,
17500000,"The Conrad, Millbank, Westminster, London, SW1P, United Kingdom","The Conrad, Millbank, Westminster, London, SW1P, United KingdomPenthouse57",,flat,Westminster
17000000,"One Hyde Park, Knightsbridge","One Hyde Park, KnightsbridgeApartment33",,flat,
17000000,"Hamilton Terrace, St John's Wood, London, NW8, United Kingdom","Hamilton Terrace, St John's Wood, London, NW8, United KingdomHouse107",,house,
16995000,"Lancer Square, Apartment 27, 1 Lancer Square, Kensington Church St, W8","Lancer Square, Apartment 27, 1 Lancer Square, Kensington Church St, W8Penthouse33",,flat,Kensington
16995000,"Lancer Square, Kensington Church St, London W8 4LD","Lancer Square, Kensington Church St, London W8 4LDPenthouse33",,flat,Kensington
16950000,"Chester Square, London, SW1W","Chester Square, London, SW1WTerraced43",,,
16950000,"Gloucester Gate, Regent's Park, London, NW1","Gloucester Gate, Regent's Park, London, NW1Detached76",,,
16950000,"Regent's Park, NW1","Regent's Park, NW1Semi-Detached77",,,
16950000,Chester Terrace,Chester TerraceEnd of Terrace66,,,
16950000,"Cadogan Gardens, London, SW3","Cadogan Gardens, London, SW3Terraced55",,,
16950000,"Frognal, Hampstead, London, NW3","Frognal, Hampstead, London, NW3Detached1410",,,
126250,"2 Ashley Road,
Tottenham Hale,
London
N17 9LR","2 Ashley Road,
Tottenham Hale,
London
N17 9LRApartment21",,flat,
16950000,"Gloucester Lodge, London, NW1","Gloucester Lodge, London, NW1Villa76",,,
16950000,"Chester Terrace, Regent's Park, London, NW1","Chester Terrace, Regent's Park, London, NW1Terraced67",,,
16750000,"Ebury Square, London, SW1W","Ebury Square, London, SW1WPenthouse46",,flat,
16750000,"Ebury Square, London, SW1W","Ebury Square, London, SW1WPenthouse46",,flat,
16750000,"Sloane Gardens, Belgravia, London, SW1W, United Kingdom","Sloane Gardens, Belgravia, London, SW1W, United KingdomHouse54",,house,
16500000,"Hanover Terrace, Regent's Park, London, NW1","Hanover Terrace, Regent's Park, London, NW1Terraced76",,,
16500000,"Lowndes Street, London, SW1X","Lowndes Street, London, SW1XTerraced1010",,,
16500000,"Eaton Place, London, London, SW1X","Eaton Place, London, London, SW1XApartment64",,flat,
16500000,"Vicarage House, Vicarage Gate House, Kensington, London, W8, United Kingdom","Vicarage House, Vicarage Gate House, Kensington, London, W8, United KingdomFlat56",,flat,Kensington
16500000,"Vicarage Gate House, London, W8","Vicarage Gate House, London, W8Flat56",,flat,
16500000,"Lowndes Street, Belgravia, London, SW1X","Lowndes Street, Belgravia, London, SW1XTerraced1012",,,
16250000,"William Street, Knightsbridge, London, SW1X, United Kingdom","William Street, Knightsbridge, London, SW1X, United KingdomFlat44",,flat,
16250000,"Knightsbridge Gate, Apartment 3, 1 William Street, London, SW1X","Knightsbridge Gate, Apartment 3, 1 William Street, London, SW1XApartment44",,flat,
16150000,"Lancelot Place, Knightsbridge, London, SW7, United Kingdom","Lancelot Place, Knightsbridge, London, SW7, United KingdomTown House55",,house,
16150000,"Lancelot Place, Knightsbridge, London, SW7, United Kingdom","Lancelot Place, Knightsbridge, London, SW7, United KingdomTown House55",,house,
16150000,"Lancelot Place, Knightsbridge, London, SW7, United Kingdom","Lancelot Place, Knightsbridge, London, SW7, United KingdomTown House55",,house,
16000000,"Hyde Park Gate, London, SW7","Hyde Park Gate, London, SW7Penthouse88",,flat,
16000000,"The OWO Residences by Raffles, 57 Whitehall, London","The OWO Residences by Raffles, 57 Whitehall, LondonFlat33",,flat,
16000000,"Acacia Road, London, NW8","Acacia Road, London, NW8Detached65",,,
16000000,"Charles Street, Mayfair, W1J","Charles Street, Mayfair, W1JHouse88",,house,
16000000,"The OWO, Whitehall, London, SW1A","The OWO, Whitehall, London, SW1AApartment34",,flat,
16000000,"The OWO Residences By Raffles, Whitehall, London, SW1A","The OWO Residences By Raffles, Whitehall, London, SW1AApartment33",,flat,
16000000,"Stanley Gardens, Notting Hill, London, W11, United Kingdom","Stanley Gardens, Notting Hill, London, W11, United KingdomHouse66",,house,
16000000,"South Audley Street, Mayfair, London, W1K","South Audley Street, Mayfair, London, W1KApartment66",,flat,
750000,"Strathyre Avenue, London, SW16","Strathyre Avenue, London, SW16Terraced53",,,
16000000,"Acacia Road, St Johns Wood, London NW8","Acacia Road, St Johns Wood, London NW8House63",,house,
15950000,"Belsize Park, London, NW3","Belsize Park, London, NW3Detached76",,,
15950000,"Prince Albert Road, London, NW1","Prince Albert Road, London, NW1Detached75",,,
15950000,"Hanover Terrace, Regent's Park, London, NW1","Hanover Terrace, Regent's Park, London, NW1Terraced55",,,
15950000,"William Street, Knightsbridge, London, SW1X, United Kingdom","William Street, Knightsbridge, London, SW1X, United KingdomFlat44",,flat,
15950000,"Hanover Terrace, London, NW1","Hanover Terrace, London, NW1Terraced65",,,
15750727,"Elgin Crescent, London, W11","Elgin Crescent, London, W11Semi-Detached74",,,
15750727,"Elgin Crescent, London, W11","Elgin Crescent, London, W11End of Terrace76",,,
15750000,"Knightsbridge Gate, 1 William Street, Knightsbridge, London, SW1X 9HL","Knightsbridge Gate, 1 William Street, Knightsbridge, London, SW1X 9HLApartment44",,flat,
15750000,"William Street, Knightsbridge, London, SW1X, United Kingdom","William Street, Knightsbridge, London, SW1X, United KingdomFlat44",,flat,
15750000,"Apartment 1, 1 William Street, Knightsbridge Gate, London, SW1X","Apartment 1, 1 William Street, Knightsbridge Gate, London, SW1XPenthouse44",,flat,
15650000,"Upper Grosvenor Street, Mayfair, London, W1K","Upper Grosvenor Street, Mayfair, London, W1KDuplex44",,,
15500000,"Boiler House, Circus Road East, Battersea, London, SW11, United Kingdom","Boiler House, Circus Road East, Battersea, London, SW11, United KingdomFlat33",,flat,
15500000,"Winnington Road, Hampstead, London, N2","Winnington Road, Hampstead, London, N2Detached88",,,
15500000,"Winnington Road, N2","Winnington Road, N2Detached67",,,
15495000,"Hamilton Terrace, St John's Wood NW8","Hamilton Terrace, St John's Wood NW8Semi-Detached98",,,
15495000,"Hamilton Terrace, St John's Wood,NW8","Hamilton Terrace, St John's Wood,NW8Semi-Detached7",,,
15250000,"The Whiteley, Queensway, London, W2, United Kingdom","The Whiteley, Queensway, London, W2, United KingdomDuplex33",,,
15000000,"Elizabeth Street, London","Elizabeth Street, LondonSemi-Detached55",,,
15000000,"Parkside, Wimbledon Village, SW19","Parkside, Wimbledon Village, SW19Detached78",,,
15000000,"Parkside, Wimbledon Village, London, SW19","Parkside, Wimbledon Village, London, SW19Detached78",,,
15000000,"Montrose Place, Belgravia, London, SW1X, United Kingdom","Montrose Place, Belgravia, London, SW1X, United KingdomFlat54",,flat,
15000000,"Montrose Place, London, SW1X","Montrose Place, London, SW1XFlat54",,flat,
15000000,"Montrose Place, London, SW1X","Montrose Place, London, SW1XApartment54",,flat,
508750,"81 Park View, 
London, 
W3 0PU","81 Park View, 
London, 
W3 0PUApartment1",,flat,
15000000,"North End Way, Hampstead, NW3","North End Way, Hampstead, NW3Semi-Detached56",,,
15000000,"Cannon Lane East Heath Road, Hampstead, NW3","Cannon Lane East Heath Road, Hampstead, NW3Semi-Detached55",,,
15000000,"8 Carnation Way, London, SW8 5FT","8 Carnation Way, London, SW8 5FTPenthouse55",,flat,
15000000,"The Bishops Avenue Knolehurst, London, N2","The Bishops Avenue Knolehurst, London, N2Detached77",,,
14950000,"Queens Grove, St John's Wood, London, NW8","Queens Grove, St John's Wood, London, NW8Semi-Detached66",,,
14950000,"Queens Grove, St John's Wood, London, NW8","Queens Grove, St John's Wood, London, NW8Semi-Detached66",,,
14950000,"Hampstead Hill Gardens, Hampstead, London, NW3","Hampstead Hill Gardens, Hampstead, London, NW3Detached75",,,
14950000,"Charles Street, London, W1J","Charles Street, London, W1JTerraced66",,,
14950000,"Redington Road, Hampstead NW3","Redington Road, Hampstead NW3House75",,house,
14950000,"Cavendish Avenue, St Johns Wood, NW8","Cavendish Avenue, St Johns Wood, NW8House66",,house,
14950000,"Cavendish Avenue, St John's Wood NW8","Cavendish Avenue, St John's Wood NW8Detached66",,,
14950000,"Charles Street, Mayfair, London, W1J, United Kingdom","Charles Street, Mayfair, London, W1J, United KingdomHouse65",,house,
14900000,Holland Park Villas,Holland Park VillasApartment55,,flat,
14850000,"Lowndes Square, London, SW1X","Lowndes Square, London, SW1XParking55",,,
14800000,"Norfolk Road, St. John's Wood, London, NW8","Norfolk Road, St. John's Wood, London, NW8Detached66",,,
14750000,"Campden House, Sheffield Terrace, London, W8","Campden House, Sheffield Terrace, London, W8Flat54",,flat,
14750000,"Campden House, 29 Sheffield Terrace, London, W8","Campden House, 29 Sheffield Terrace, London, W8Penthouse54",,flat,
14750000,"Campden House, 29 Sheffield Terrace, Kensington, London, W8","Campden House, 29 Sheffield Terrace, Kensington, London, W8Apartment54",,flat,Kensington
14750000,"Walton Street, London, SW3","Walton Street, London, SW3Terraced45",,,
14250000,"The Bryanston, Hyde Park, 55 Bryanston Street, Marylebone, London, W1H 7BZ","The Bryanston, Hyde Park, 55 Bryanston Street, Marylebone, London, W1H 7BZApartment33",,flat,
14250000,"The Bryanston, Hyde Park","The Bryanston, Hyde ParkFlat33",,flat,
14000000,Montpelier Square,Montpelier SquareHouse53,,house,
14000000,"West Halkin Street, Belgravia, London, SW1X","West Halkin Street, Belgravia, London, SW1XFlat45",,flat,
14000000,"Mulberry Square, Belgravia, London, SW1W","Mulberry Square, Belgravia, London, SW1WApartment33",,flat,
200000,"Hodister Close, London","Hodister Close, LondonStudio1",,,
14000000,"Pembridge Crescent, Notting Hill, London, W11","Pembridge Crescent, Notting Hill, London, W11House66",,house,
14000000,"The OWO Residences By Raffles, Whitehall, London, SW1A","The OWO Residences By Raffles, Whitehall, London, SW1AApartment22",,flat,
14000000,"Pembridge Crescent, Notting Hill, London, W11","Pembridge Crescent, Notting Hill, London, W11House45",,house,
14000000,"Mulberry Square, London, SW1W","Mulberry Square, London, SW1WApartment33",,flat,
13950000,"Hamilton Terrace, St John's Wood, London, NW8","Hamilton Terrace, St John's Wood, London, NW8Detached55",,,
13950000,"Eaton Mews South, London, SW1W","Eaton Mews South, London, SW1WTerraced34",,,
13950000,"Cranley Gardens, London, SW7","Cranley Gardens, London, SW7Terraced66",,,
13950000,"Cheyne Place, Chelsea","Cheyne Place, ChelseaHouse86",,house,
13950000,"Eaton Mews South, Belgravia, London, SW1W, United Kingdom","Eaton Mews South, Belgravia, London, SW1W, United KingdomTown House34",,house,
13950000,"Cork Street, London, W1S","Cork Street, London, W1SApartment33",,flat,
13950000,"Hamilton Terrace, St John's Wood, London, NW8","Hamilton Terrace, St John's Wood, London, NW8Detached65",,,
13858000,"Chelsea Waterfront, Lots Road, Chelsea, London, SW10 0AA","Chelsea Waterfront, Lots Road, Chelsea, London, SW10 0AAFlat55",,flat,
13850000,"Gilston Road, Chelsea, London","Gilston Road, Chelsea, LondonHouse53",,house,
13850000,"Gilston Road, London, SW10","Gilston Road, London, SW10Terraced63",,,
13750000,"South Audley Street, London, W1K","South Audley Street, London, W1KApartment35",,flat,
13750000,"Winnington Road, London, N2","Winnington Road, London, N2Detached7",,,
13750000,"Chester Square, London","Chester Square, LondonTerraced67",,,
13750000,"South Audley Street, Mayfair, London, W1K, United Kingdom","South Audley Street, Mayfair, London, W1K, United KingdomApartment34",,flat,
13600000,"Egerton Crescent, Knightsbridge, London, SW3","Egerton Crescent, Knightsbridge, London, SW3Semi-Detached64",,,
13500000,"The Strand, Covent Garden, London, WC2R","The Strand, Covent Garden, London, WC2RPenthouse44",,flat,
13500000,"Winnington Road, London, N2.","Winnington Road, London, N2.Detached74",,,
13500000,"Arlington Street, St. James's, London, SW1A","Arlington Street, St. James's, London, SW1APenthouse34",,flat,
13500000,"Adiba House, Westbourne Gardens, London, W2","Adiba House, Westbourne Gardens, London, W2Block of Apartments1011",,flat,
13500000,"Fareham Street, London, W1F","Fareham Street, London, W1FPenthouse1714",,flat,
615000,"Saxon Avenue, Feltham","Saxon Avenue, FelthamEnd of Terrace42",,,
13500000,"Winnington Road, N2","Winnington Road, N2Detached78",,,
13500000,"Westbourne Gardens, London, W2","Westbourne Gardens, London, W2Terraced1212",,,
13500000,"Walpole Mayfair, Arlington Street, London, SW1A","Walpole Mayfair, Arlington Street, London, SW1APenthouse33",,flat,
13496000,Dorchester Collection Mayfair Residences,Dorchester Collection Mayfair ResidencesHouse22,,house,
13395000,"Aybrook Street, Marylebone, W1U","Aybrook Street, Marylebone, W1UPenthouse33",,flat,
13250000,"Strand, Covent Garden, WC2R","Strand, Covent Garden, WC2RPenthouse44",,flat,
13200000,"Trevor Place, London, SW7","Trevor Place, London, SW7Terraced66",,,
12975000,"Sheldon Avenue, London, N6","Sheldon Avenue, London, N6Detached88",,,
12975000,"Sheldon Avenue, London, N6","Sheldon Avenue, London, N6Detached97",,,
12950000,"Eyre Road, London, St John's Wood, NW8","Eyre Road, London, St John's Wood, NW8Terraced45",,,
12950000,"Hamilton Drive, St John's Wood, London, NW8, United Kingdom","Hamilton Drive, St John's Wood, London, NW8, United KingdomHouse45",,house,
12950000,"De Vere Gardens, One Kensington Gardens, Kensington, London, W8","De Vere Gardens, One Kensington Gardens, Kensington, London, W8Apartment44",,flat,Kensington
12950000,"Rosslyn Hill, London, NW3","Rosslyn Hill, London, NW3Semi-Detached78",,,
12950000,"Hyde Park Gardens, London, W2","Hyde Park Gardens, London, W2Penthouse45",,flat,
12950000,"The Lane, St John's Wood, London, NW8, United Kingdom","The Lane, St John's Wood, London, NW8, United KingdomHouse66",,house,
12950000,"The Lane, London, NW8","The Lane, London, NW8Semi-Detached65",,,
12950000,"Carrington Street, London, W1J","Carrington Street, London, W1JApartment44",,flat,
12950000,"Victoria Road, Kensington, London","Victoria Road, Kensington, LondonTerraced65",,,Kensington
12950000,"Hampstead Lane, Hampstead, NW3","Hampstead Lane, Hampstead, NW3House66",,house,
12950000,"Hampstead Lane, Hampstead, NW3","Hampstead Lane, Hampstead, NW3House67",,house,
12944400,The Residences at Mandarin Oriental Mayfair,The Residences at Mandarin Oriental MayfairApartment33,,flat,
12750000,"Park Modern, 123 Bayswater Road, Hyde Park, London W2 3JH","Park Modern, 123 Bayswater Road, Hyde Park, London W2 3JHApartment33",,flat,
12750000,"Queen's Gate Terrace, South Kensington SW7","Queen's Gate Terrace, South Kensington SW7Apartment44",,flat,Kensington
12750000,"Bayswater Road, London, W2","Bayswater Road, London, W2Apartment32",,flat,
1050000,"Thurloe Place, Knightsbridge SW7","Thurloe Place, Knightsbridge SW7Flat22",,flat,
12742230,"Dorchester Collection, Mayfair","Dorchester Collection, MayfairApartment33",,flat,
12650000,"The OWO Residences By Raffles, Whitehall, London, SW1A","The OWO Residences By Raffles, Whitehall, London, SW1APenthouse33",,flat,
12500000,"Stanhope Gate, Mayfair, London, W1K","Stanhope Gate, Mayfair, London, W1KApartment12",,flat,
12500000,"Friern Barnet Road, London, N11","Friern Barnet Road, London, N11Block of Apartments",,flat,Barnet
12500000,"Chesterfield Street, Mayfair, London, W1J, United Kingdom","Chesterfield Street, Mayfair, London, W1J, United KingdomHouse44",,house,
12500000,"60 Curzon, Mayfair, London, W1J 8PG","60 Curzon, Mayfair, London, W1J 8PGApartment23",,flat,
12500000,"Chelsea Waterfront, Chelsea, London, SW10","Chelsea Waterfront, Chelsea, London, SW10Flat98",,flat,
12500000,"Hay Hill, London, W1J","Hay Hill, London, W1JFlat55",,flat,
12450000,"Wilton Place, Belgravia SW1X","Wilton Place, Belgravia SW1XHouse66",,house,
12250000,"Eaton Square, Belgravia, London, SW1W, United Kingdom","Eaton Square, Belgravia, London, SW1W, United KingdomFlat33",,flat,
12250000,"Melbury Road, Holland Park, London, W14","Melbury Road, Holland Park, London, W14Terraced65",,,
12250000,"The Bishops Avenue, Hampstead Heath, London, N2, United Kingdom","The Bishops Avenue, Hampstead Heath, London, N2, United KingdomHouse89",,house,
12250000,"The Bishops Avenue, East Finchley, N2","The Bishops Avenue, East Finchley, N2Detached88",,,
12250000,"Eaton Square, Belgravia","Eaton Square, BelgraviaFlat33",,flat,
12000000,"St. Anselms Place, London, W1K","St. Anselms Place, London, W1KTerraced54",,,
12000000,"Castelnau, Barnes, London, SW13","Castelnau, Barnes, London, SW13Detached77",,,
12000000,"Bracknell Gardens, Hampstead, London, NW3","Bracknell Gardens, Hampstead, London, NW3Detached76",,,
12000000,"Montpelier Square, London, SW7","Montpelier Square, London, SW7House55",,house,
12000000,"Sheldon Avenue, Highgate, N6","Sheldon Avenue, Highgate, N6House66",,house,
12000000,"Castelnau, Barnes, London, SW13","Castelnau, Barnes, London, SW13Detached77",,,
12000000,"Chester Terrace, London, NW1","Chester Terrace, London, NW1Terraced65",,,
12000000,"Ingram Avenue, London, NW11","Ingram Avenue, London, NW11Detached7",,,
12000000,"Chester Terrace, London, NW1","Chester Terrace, London, NW1Terraced65",,,
400000,"Pomeroy Street, New Cross. SE14","Pomeroy Street, New Cross. SE14Flat21",,flat,
12000000,"Connaught Place, London, W2","Connaught Place, London, W2Flat45",,flat,
12000000,"Ingram Avenue, Hampstead Garden Suburb","Ingram Avenue, Hampstead Garden SuburbDetached66",,,
12000000,"The Penthouse, 205 City Road, London EC1V 1AT","The Penthouse, 205 City Road, London EC1V 1ATPenthouse55",,flat,
11950000,"Carlyle Square, Chelsea, SW3","Carlyle Square, Chelsea, SW3Semi-Detached65",,,
11950000,"Ennismore Street, Knightsbridge, London, SW7","Ennismore Street, Knightsbridge, London, SW7End of Terrace44",,,
11950000,"Carlyle Square, London, SW3","Carlyle Square, London, SW3Semi-Detached64",,,
11950000,"One Casson Square, Southbank Place, Belvedere Road, London, SE1","One Casson Square, Southbank Place, Belvedere Road, London, SE1Apartment33",,flat,
11950000,"Ennismore Street, Knightsbridge, London, SW7","Ennismore Street, Knightsbridge, London, SW7House44",,house,
11950000,"Tite Street, Chelsea, London","Tite Street, Chelsea, LondonHouse64",,house,
11950000,"Upper Grosvenor Street, London, W1K","Upper Grosvenor Street, London, W1KApartment34",,flat,
11950000,"Park Square West, Regent's Park, London, NW1, United Kingdom","Park Square West, Regent's Park, London, NW1, United KingdomHouse65",,house,
11950000,"Eaton Square, Belgravia, London, SW1W, United Kingdom","Eaton Square, Belgravia, London, SW1W, United KingdomApartment43",,flat,
11950000,"Upper Grosvenor Street, London, W1K","Upper Grosvenor Street, London, W1KApartment33",,flat,
11795000,"Montrose Place, Belgravia, London","Montrose Place, Belgravia, LondonFlat33",,flat,
11750000,Kensington,KensingtonApartment66,,flat,Kensington
11590000,"Penthouse, Southbank Tower, 55 Upper Ground, SE1","Penthouse, Southbank Tower, 55 Upper Ground, SE1Apartment54",,flat,
11500000,"Stormont Road, Kenwood","Stormont Road, KenwoodDetached66",,,
11500000,"Walton Place, Knightsbridge, London, SW3","Walton Place, Knightsbridge, London, SW3End of Terrace43",,,
11500000,"Chester Square, Belgravia, London, SW1W","Chester Square, Belgravia, London, SW1WTerraced43",,,
11500000,"Chester Square, Belgravia, London, SW1W, United Kingdom","Chester Square, Belgravia, London, SW1W, United KingdomHouse44",,house,
11500000,"Queen's Gate Place Mews, South Kensington, Kensington and Chelsea, London","Queen's Gate Place Mews, South Kensington, Kensington and Chelsea, LondonEnd of Terrace65",,,Kensington
11500000,"The Manor, Davies Street, Mayfair, London, W1K, United Kingdom","The Manor, Davies Street, Mayfair, London, W1K, United KingdomFlat54",,flat,
11500000,"Buckingham Gate, St James, London, SW1E","Buckingham Gate, St James, London, SW1EApartment34",,flat,
11500000,"Egerton Crescent, Knightsbridge, London, SW3","Egerton Crescent, Knightsbridge, London, SW3Terraced33",,,
800000,"Powerscroft Road, Lower Clapton, London, E5","Powerscroft Road, Lower Clapton, London, E5Maisonette21",,flat,
11495000,"Chelsea Park Gardens, London, SW3","Chelsea Park Gardens, London, SW3Terraced54",,,
11490000,"Hamilton Terrace, St John's Wood, London, NW8","Hamilton Terrace, St John's Wood, London, NW8Semi-Detached64",,,
11490000,"Hamilton Terrace, St John's Wood, London, NW8","Hamilton Terrace, St John's Wood, London, NW8Semi-Detached64",,,
11250000,"One Casson Square, Southbank Place, Belvedere Road, London, SE1 7NA","One Casson Square, Southbank Place, Belvedere Road, London, SE1 7NAPenthouse34",,flat,
11000000,"Ingram Avenue, London, NW11","Ingram Avenue, London, NW11Detached710",,,
11000000,"Montrose Place, Belgravia, London, SW1X","Montrose Place, Belgravia, London, SW1XFlat32",,flat,
11000000,"Ingram Avenue, NW11","Ingram Avenue, NW11Detached710",,,
11000000,"Ennismore Gardens, Knightsbridge, London, SW7","Ennismore Gardens, Knightsbridge, London, SW7Maisonette43",,flat,
11000000,"Ennismore Gardens, Knightsbridge, London, SW7, United Kingdom","Ennismore Gardens, Knightsbridge, London, SW7, United KingdomApartment43",,flat,
11000000,"Moncorvo Close, London, SW7","Moncorvo Close, London, SW7Town House54",,house,
11000000,"Bolsover Street, Fitzrovia, London, W1W","Bolsover Street, Fitzrovia, London, W1WPenthouse44",,flat,
10990000,Grosvenor Crescent Mews,Grosvenor Crescent MewsTerraced44,,,
10950000,"Addison Avenue, Holland Park, London, W11, United Kingdom","Addison Avenue, Holland Park, London, W11, United KingdomHouse45",,house,
10950000,"Knightsbridge, Knightsbridge Gate, London, SW1X, United Kingdom","Knightsbridge, Knightsbridge Gate, London, SW1X, United KingdomFlat33",,flat,
10950000,"West Heath Road, London, NW3","West Heath Road, London, NW3Detached54",,,
10950000,"St. Katharines Precinct, Regent's Park, London, NW1","St. Katharines Precinct, Regent's Park, London, NW1Terraced43",,,
10950000,"Byron Drive, N2","Byron Drive, N2Detached55",,,
10950000,"Thurloe Square, Knightsbridge, SW7","Thurloe Square, Knightsbridge, SW7Terraced77",,,
10950000,"Church Row, Hampstead Village, London, NW3","Church Row, Hampstead Village, London, NW3Semi-Detached54",,,
10950000,"Knightsbridge Gate, Apartment 2, 55 Knightsbridge, London, SW1X","Knightsbridge Gate, Apartment 2, 55 Knightsbridge, London, SW1XApartment33",,flat,
10950000,"Thurloe Square, South Kensington, London, SW7","Thurloe Square, South Kensington, London, SW7Terraced77",,,Kensington
10950000,"Ennismore Gardens, Knightsbridge SW7","Ennismore Gardens, Knightsbridge SW7House65",,house,
10950000,"Carlton Hill, St John's Wood, London, NW8, United Kingdom","Carlton Hill, St John's Wood, London, NW8, United KingdomHouse43",,house,
10950000,"Buxmead, 67 The Bishops Avenue, London, N2","Buxmead, 67 The Bishops Avenue, London, N2Apartment77",,flat,
1098000,"Palace View, Lambeth, SE1","Palace View, Lambeth, SE1Apartment22",,flat,Lambeth
10950000,"Knightsbridge, London, SW7, United Kingdom","Knightsbridge, London, SW7, United KingdomApartment43",,flat,
10950000,"Church Row, Hampstead Village, London, NW3","Church Row, Hampstead Village, London, NW3Semi-Detached54",,,
10950000,"The Knightsbridge Apartments, SW7","The Knightsbridge Apartments, SW7Apartment43",,flat,
10950000,"55 Knightsbridge Gate, Knightsbridge, London, SW1X 7BF","55 Knightsbridge Gate, Knightsbridge, London, SW1X 7BFApartment33",,flat,
10950000,"St Katharine's Precinct, London, NW1","St Katharine's Precinct, London, NW1Terraced43",,,
10900000,"South Eaton Place, London, SW1W","South Eaton Place, London, SW1WTerraced64",,,
10762500,"Landmark Pinnacle, 10 Marsh Wall, Canary Wharf, E14","Landmark Pinnacle, 10 Marsh Wall, Canary Wharf, E14Apartment1518",,flat,
10750000,"Knightsbridge Gate, Apartment 3, 55 Knightsbridge, London, SW1X","Knightsbridge Gate, Apartment 3, 55 Knightsbridge, London, SW1XApartment34",,flat,
10750000,"Knightsbridge, Knightsbridge Gate, London, SW1X, United Kingdom","Knightsbridge, Knightsbridge Gate, London, SW1X, United KingdomFlat33",,flat,
10750000,"Hamilton Terrace, St John's Wood NW8","Hamilton Terrace, St John's Wood NW8Terraced54",,,
10750000,"Franklins Row, London, SW3","Franklins Row, London, SW3Flat43",,flat,
10750000,"55 Knightsbridge Gate, Knightsbridge, London, SW1X 7BF.","55 Knightsbridge Gate, Knightsbridge, London, SW1X 7BF.Apartment33",,flat,
10747000,"Bondway, London, SW8 1","Bondway, London, SW8 1Penthouse55",,flat,
10747000,"Bondway, London, SW8","Bondway, London, SW8Apartment55",,flat,
10747000,"Damac, London","Damac, LondonPenthouse55",,flat,
10747000,"Damac Tower Nine Elms London, 71 Bondway, London","Damac Tower Nine Elms London, 71 Bondway, LondonApartment55",,flat,
10747000,"Damac Tower, Nine Elms, London, SW8","Damac Tower, Nine Elms, London, SW8Flat55",,flat,
10747000,"Damac Tower, 
Damac Tower, SW8","Damac Tower, 
Damac Tower, SW8Flat55",,flat,
10747000,"Parry St, Nine Elms, SW8 1SF","Parry St, Nine Elms, SW8 1SFPenthouse55",,flat,
10747000,"Bondway, London","Bondway, LondonPenthouse55",,flat,
10747000,Nine Elms London,Nine Elms LondonApartment56,,flat,
10727000,"Parry Street, Nine Elms, London, SW8","Parry Street, Nine Elms, London, SW8Apartment56",,flat,
10700000,"Addison Crescent, Kensington, London, W14, United Kingdom","Addison Crescent, Kensington, London, W14, United KingdomHouse76",,house,Kensington
10700000,"Byron Drive, London, N2","Byron Drive, London, N2Detached89",,,
1600000,"Bilton Towers, Great Cumberland Place","Bilton Towers, Great Cumberland PlaceApartment22",,flat,
10700000,"Byron Drive, London, N2","Byron Drive, London, N2Detached89",,,
10600000,"Walton Place, Knightsbridge, London, SW3","Walton Place, Knightsbridge, London, SW3End of Terrace55",,,
10600000,"Walton Place, London, SW3","Walton Place, London, SW3Terraced55",,,
10500000,"Thurloe Square, London, SW7","Thurloe Square, London, SW7Terraced54",,,
10500000,"Netherhall Gardens, London","Netherhall Gardens, LondonDetached66",,,
10500000,"Eaton Place, Belgravia, London, SW1X","Eaton Place, Belgravia, London, SW1XDuplex32",,,
10500000,"Thurloe Square, South Kensington, London, SW7","Thurloe Square, South Kensington, London, SW7Terraced54",,,Kensington
10500000,"Earls Terrace, London, W8","Earls Terrace, London, W8Terraced55",,,
10500000,"Hans Place, Knightsbridge SW1X","Hans Place, Knightsbridge SW1XDetached74",,,
10500000,"The Bishops Avenue, N2","The Bishops Avenue, N2Land",,,
10500000,"Down Street, Mayfair, London, W1J","Down Street, Mayfair, London, W1JApartment44",,flat,
10500000,"Netherhall Gardens, Hampstead, London, NW3","Netherhall Gardens, Hampstead, London, NW3Detached66",,,
10500000,"Chalcot Square, Primrose Hill, London, NW1","Chalcot Square, Primrose Hill, London, NW1End of Terrace65",,,
10500000,"Park Modern, Bayswater Road, Hyde Park, London W2 3JH.","Park Modern, Bayswater Road, Hyde Park, London W2 3JH.Apartment33",,flat,
10500000,"Park Modern, Apartment 42, 123 Bayswater Road, London, W2","Park Modern, Apartment 42, 123 Bayswater Road, London, W2Apartment33",,flat,
10495000,"Lancer Square, Kensington, London, W8, United Kingdom","Lancer Square, Kensington, London, W8, United KingdomFlat33",,flat,Kensington
10250000,"Chapel Street, Belgravia, London","Chapel Street, Belgravia, LondonTerraced55",,,
10250000,"South Audley Street, Mayfair, W1K","South Audley Street, Mayfair, W1KHouse55",,house,
10250000,"Chapel Street, London, SW1X","Chapel Street, London, SW1XTerraced56",,,
10250000,"Springfield Road, St Johns Wood, London, NW8","Springfield Road, St Johns Wood, London, NW8Detached6",,,
10250000,"Chapel Street, Belgravia, London, SW1X, United Kingdom","Chapel Street, Belgravia, London, SW1X, United KingdomTown House56",,house,
10250000,"Chapel Street, 
Belgravia, SW1X","Chapel Street, 
Belgravia, SW1XTerraced45",,,
10134000,"Wandsworth Road, London, SW8","Wandsworth Road, London, SW8Apartment53",,flat,Wandsworth
10130000,"67 Bondway, London, Surrey, SW8","67 Bondway, London, Surrey, SW8Apartment55",,flat,
650000,"Russell Gardens Mews, Holland Park, London, W14","Russell Gardens Mews, Holland Park, London, W14Mews",,,
10130000,"North Tower, 67 Bondway, London, SW8","North Tower, 67 Bondway, London, SW8Apartment54",,flat,
10130000,"Bondway, London, SW8","Bondway, London, SW8Penthouse55",,flat,
10130000,"Parry Street, Nine Elms, London, SW8","Parry Street, Nine Elms, London, SW8Apartment56",,flat,
10130000,"London, SW8","London, SW8Flat55",,flat,
10130000,"Damac Tower Penthouse, London","Damac Tower Penthouse, LondonApartment56",,flat,
10130000,"Bondway, London, SW8","Bondway, London, SW8Penthouse55",,flat,
10130000,"Penthouse, Damac Tower, Nine Elms SW8","Penthouse, Damac Tower, Nine Elms SW8Apartment45",,flat,
10130000,"Bondway, London, SW8","Bondway, London, SW8Penthouse54",,flat,
10075000,St. Helens Gardens London W10,St. Helens Gardens London W10Terraced3020,,,
10000000,"Bondway, Vauxhall","Bondway, VauxhallPenthouse53",,flat,
10000000,"Redington Road, Hampstead, NW3","Redington Road, Hampstead, NW3House55",,house,
10000000,"St. Peters Road, Twickenham, Richmond TW1","St. Peters Road, Twickenham, Richmond TW1Detached64",,,Richmond
10000000,"Peninsula Heights, Albert Embankment, London","Peninsula Heights, Albert Embankment, LondonApartment44",,flat,
10000000,"Lancelot Place, London, SW7","Lancelot Place, London, SW7Apartment43",,flat,
10000000,"Frank Dixon Close, London, SE21","Frank Dixon Close, London, SE21Detached66",,,
10000000,"Lancelot Place, Knightsbridge","Lancelot Place, KnightsbridgeApartment43",,flat,
10000000,"Argyll Road, London, W8","Argyll Road, London, W8Terraced65",,,
10000000,"Damac Tower Nine Elms London, 71 Bondway, London","Damac Tower Nine Elms London, 71 Bondway, LondonApartment54",,flat,
10000000,"Residence 4.05, The OWO Residences, Whitehall, London, SW1A 2EU","Residence 4.05, The OWO Residences, Whitehall, London, SW1A 2EUApartment22",,flat,
10000000,The Sixth Floor,The Sixth FloorApartment46,,flat,
10000000,"Damac Tower, Nine Elms, SW8","Damac Tower, Nine Elms, SW8Penthouse55",,flat,
10000000,"Redington Road, London NW3 7RT","Redington Road, London NW3 7RTDetached67",,,
10000000,"Lensbury Avenue, Imperial Wharf, SW6","Lensbury Avenue, Imperial Wharf, SW6Penthouse77",,flat,
10000000,"Bondway, Vauxhall","Bondway, VauxhallFlat56",,flat,
2850000,"Grand Avenue, London, N10","Grand Avenue, London, N10End of Terrace54",,,
10000000,"Redington Road, Hampstead, London, NW3","Redington Road, Hampstead, London, NW3Semi-Detached67",,,
10000000,"Redington Road, London, NW3","Redington Road, London, NW3Semi-Detached67",,,
10000000,"Princes Gate, London, SW7","Princes Gate, London, SW7Flat44",,flat,
10000000,"Randolph Road, Little Venice, London, W9","Randolph Road, Little Venice, London, W9House53",,house,
10000000,Princes Gate,Princes GateApartment44,,flat,
10000000,"DAMAC Tower, Bondway","DAMAC Tower, BondwayPenthouse54",,flat,
9995000,"Lindfield Gardens, Hampstead, NW3","Lindfield Gardens, Hampstead, NW3Detached66",,,
9995000,"The Grove, London, N6","The Grove, London, N6Semi-Detached64",,,
9995000,"Lowndes Square, London, SW1X","Lowndes Square, London, SW1XDuplex34",,,
9950000,"Park Road, Isleworth, TW7","Park Road, Isleworth, TW7Detached87",,,
9950000,"Beverly House, Park Road, St Johns Wood, NW8","Beverly House, Park Road, St Johns Wood, NW8Apartment55",,flat,
9950000,"Adam's Row, Mayfair, London, W1K, United Kingdom","Adam's Row, Mayfair, London, W1K, United KingdomHouse44",,house,
9950000,"Chester Terrace, Regent's Park, NW1","Chester Terrace, Regent's Park, NW1Terraced55",,,
9950000,"St. James's Place, London, SW1A","St. James's Place, London, SW1AApartment33",,flat,
9950000,"Ferry House, Park Road, Old Isleworth, TW7","Ferry House, Park Road, Old Isleworth, TW7Equestrian Facility87",,house,
9950000,"Beverly House, 133 Park Road, St. John's Wood, London, NW8","Beverly House, 133 Park Road, St. John's Wood, London, NW8Penthouse55",,flat,
9950000,"South Street, Mayfair, London, W1K","South Street, Mayfair, London, W1KApartment33",,flat,
9950000,"Beverly House, Park Road, London, NW8","Beverly House, Park Road, London, NW8Penthouse55",,flat,
9950000,"Upper Grosvenor Street, Mayfair","Upper Grosvenor Street, MayfairFlat34",,flat,
9950000,"Adams Row, Mayfair, London, W1K","Adams Row, Mayfair, London, W1KTerraced55",,,
9950000,"Constable Close, NW11","Constable Close, NW11Cottage65",,,
9950000,"Upper Grosvenor Street, Mayfair, London, W1K 2NA, United Kingdom","Upper Grosvenor Street, Mayfair, London, W1K 2NA, United KingdomApartment33",,flat,
9950000,"Grosvenor Square, Mayfair, London, W1K","Grosvenor Square, Mayfair, London, W1KFlat33",,flat,
9950000,"Eaton Place, Belgravia, London, SW1X, United Kingdom","Eaton Place, Belgravia, London, SW1X, United KingdomPenthouse43",,flat,
1100000,"Powys Lane, London","Powys Lane, LondonDetached41",,,
9950000,"Chelsea Park Gardens, Chelsea SW3","Chelsea Park Gardens, Chelsea SW3Terraced53",,,
9950000,"Park Road, 
Isleworth, TW7","Park Road, 
Isleworth, TW7Detached87",,,
9950000,"St. James's Place, London, SW1A","St. James's Place, London, SW1AFlat33",,flat,
9950000,"Wycombe Square, Kensington W8","Wycombe Square, Kensington W8House65",,house,Kensington
9950000,"Hereford House, Mayfair, London, W1K, United Kingdom","Hereford House, Mayfair, London, W1K, United KingdomFlat45",,flat,
9950000,"Burnsall Street, Chelsea, London, SW3, United Kingdom","Burnsall Street, Chelsea, London, SW3, United KingdomHouse43",,house,
9950000,"Constable Close, Hampstead Garden Suburb, London, NW11","Constable Close, Hampstead Garden Suburb, London, NW11Detached7",,,
9950000,"St James's Place, St James's, London, SW1A","St James's Place, St James's, London, SW1AApartment33",,flat,
9950000,"Ovington Square, Knightsbridge, London, SW3","Ovington Square, Knightsbridge, London, SW3Town House55",,house,
9950000,"Cadogan Square, London, SW1X","Cadogan Square, London, SW1XDuplex45",,,
9950000,"Park Modern, Apartment 32, 123 Bayswater Road, London, W2","Park Modern, Apartment 32, 123 Bayswater Road, London, W2Apartment33",,flat,
9950000,"Chester Terrace, Regent's Park, London, NW1, United Kingdom","Chester Terrace, Regent's Park, London, NW1, United KingdomHouse54",,house,
9900000,"Worship Street, London, EC2A","Worship Street, London, EC2APenthouse33",,flat,
9900000,"Principle Tower, EC2","Principle Tower, EC2Penthouse34",,flat,
9900000,"Principal Tower, 
2 Principal Place, EC2A","Principal Tower, 
2 Principal Place, EC2AFlat34",,flat,
9900000,"Worship Street, Shoreditch, London, EC2A","Worship Street, Shoreditch, London, EC2AApartment33",,flat,
9900000,"Worship Street, London, EC2A 2","Worship Street, London, EC2A 2Penthouse44",,flat,
9900000,"Worship Street, London, EC2A","Worship Street, London, EC2AFlat32",,flat,
9900000,"Principal Place, Shoreditch, EC2A","Principal Place, Shoreditch, EC2APenthouse44",,flat,
9900000,"Brunswick Gardens, Kensington, W8","Brunswick Gardens, Kensington, W8Terraced53",,,Kensington
9900000,"Principal Place, EC2A","Principal Place, EC2AFlat22",,flat,
9900000,"Worship Street, London, EC2A 2","Worship Street, London, EC2A 2Penthouse33",,flat,
9850000,"St. Katharines Precinct, Regent's Park, London, NW1","St. Katharines Precinct, Regent's Park, London, NW1Semi-Detached54",,,
9850000,"South Audley Street, Mayfair, W1K","South Audley Street, Mayfair, W1KHouse55",,house,
3000000,"The Lansbury, SW3","The Lansbury, SW3Apartment22",,flat,
9850000,"St. Katharines Precinct, Regent's Park, London, NW1","St. Katharines Precinct, Regent's Park, London, NW1Semi-Detached54",,,
9750000,"1 Ebury Square, Belgravia, London SW1W","1 Ebury Square, Belgravia, London SW1WFlat44",,flat,
9750000,"Highwood Hill, Mill HIll, London, NW7","Highwood Hill, Mill HIll, London, NW7Detached75",,,
9750000,"Sloane Gardens, London, SW1W","Sloane Gardens, London, SW1WBlock of Apartments86",,flat,
9740000,"8 Eaton Lane, 23-47 Grosvenor Gardens, London, SW1W","8 Eaton Lane, 23-47 Grosvenor Gardens, London, SW1WApartment44",,flat,
9740000,"8 Eaton Lane, 23-47 Grosvenor Gardens, Belgravia, London, SW1W 0DH","8 Eaton Lane, 23-47 Grosvenor Gardens, Belgravia, London, SW1W 0DHApartment44",,flat,
9601000,"Parry Street, Nine Elms","Parry Street, Nine ElmsPenthouse54",,flat,
9601000,"Bondway, London, SW8","Bondway, London, SW8Apartment54",,flat,
9601000,"Nine Elms, 71 Bondway, Parry Street, SW8","Nine Elms, 71 Bondway, Parry Street, SW8Apartment55",,flat,
9601000,"Bondway, London, SW8 1","Bondway, London, SW8 1Penthouse55",,flat,
9601000,"Bondway, SW8  PENTHOUSE","Bondway, SW8  PENTHOUSEPenthouse54",,flat,
9601000,"Damac Tower, Nine Elms","Damac Tower, Nine ElmsApartment55",,flat,
9601000,"Damac Tower, Bondway, Nine Elms, SW8","Damac Tower, Bondway, Nine Elms, SW8Duplex54",,,
9601000,Nine Elms London,Nine Elms LondonApartment56,,flat,
9601000,"DAMAC Tower, Nine Elms, London, SW8","DAMAC Tower, Nine Elms, London, SW8Penthouse53",,flat,
9600000,"Damac Tower, Bondway, London, SW8","Damac Tower, Bondway, London, SW8Penthouse54",,flat,
9600000,"Parry Street, Nine Elms, SW8","Parry Street, Nine Elms, SW8Apartment54",,flat,
9600000,"Damac Tower Nine Elms, London, SW8","Damac Tower Nine Elms, London, SW8Penthouse54",,flat,
9500000,"Southside Common, Wimbledon Village, SW19","Southside Common, Wimbledon Village, SW19Detached75",,,
9500000,"Farm Street, Mayfair","Farm Street, MayfairTerraced84",,,
9500000,"Farm Street, Mayfair, London, W1J","Farm Street, Mayfair, London, W1JTerraced85",,,
9500000,"Chalcot Square, Primrose Hill, London, NW1","Chalcot Square, Primrose Hill, London, NW1Terraced64",,,
9500000,"Sunderland Terrace, Notting Hill, London, W2","Sunderland Terrace, Notting Hill, London, W2House56",,house,
9500000,"Eaton Square, London, SW1W","Eaton Square, London, SW1WPenthouse33",,flat,
700000,"Lupus Street, Pimlico, London, SW1V","Lupus Street, Pimlico, London, SW1VApartment21",,flat,
9500000,"Chalcot Square, Primrose Hill, NW1","Chalcot Square, Primrose Hill, NW1House53",,house,
9500000,"Eaton Place & Eccleston Mews, Belgravia, London, SW1X","Eaton Place & Eccleston Mews, Belgravia, London, SW1XApartment45",,flat,
9500000,"Southside Common, Wimbledon, London, SW19","Southside Common, Wimbledon, London, SW19Detached75",,,
9500000,"Hereford House, Mayfair, London, W1K, United Kingdom","Hereford House, Mayfair, London, W1K, United KingdomFlat55",,flat,
9500000,"Principal Tower, Shoreditch, London","Principal Tower, Shoreditch, LondonPenthouse34",,flat,
9500000,"Great College Street, London, SW1P","Great College Street, London, SW1PTerraced107",,,
9500000,"One Kensington Gardens, Kensington Road, London","One Kensington Gardens, Kensington Road, LondonFlat33",,flat,Kensington
9500000,"Eaton Square, London, SW1W","Eaton Square, London, SW1WFlat34",,flat,
9500000,"Argyll Road, LONDON, W8","Argyll Road, LONDON, W8Terraced65",,,
9500000,"Eaton Place & Eccleston Mews, Belgravia SW1X","Eaton Place & Eccleston Mews, Belgravia SW1XApartment45",,flat,
9500000,"Argyll Road, Kensington, London, W8, United Kingdom","Argyll Road, Kensington, London, W8, United KingdomHouse65",,house,Kensington
9450000,"Gerald Road, London, SW1W.","Gerald Road, London, SW1W.Terraced53",,,
9400000,"Park Modern, Apartment 22, 123 Bayswater Road, London, W2","Park Modern, Apartment 22, 123 Bayswater Road, London, W2Apartment33",,flat,
9400000,"Park Modern, Bayswater Road, Hyde Park, London W2 3JH.","Park Modern, Bayswater Road, Hyde Park, London W2 3JH.Apartment33",,flat,
9350000,"Marlborough Place, St John's Wood, London, NW8","Marlborough Place, St John's Wood, London, NW8Semi-Detached65",,,
9350000,"Marlborough Place, St John's Wood, London, NW8, United Kingdom","Marlborough Place, St John's Wood, London, NW8, United KingdomHouse65",,house,
9350000,"Palace Gardens Terrace, Kensington, London, W8","Palace Gardens Terrace, Kensington, London, W8Terraced44",,,Kensington
9300000,"College Road, Dulwich Village, London, SE21","College Road, Dulwich Village, London, SE21Semi-Detached77",,,
9250000,"Residence 2.7, 1 Grosvenor Square, London, W1K","Residence 2.7, 1 Grosvenor Square, London, W1KApartment22",,flat,
9250000,"Warwick Place, Little Venice, London, W9","Warwick Place, Little Venice, London, W9House23",,house,
9250000,"Warwick Place, Little Venice, London, W9, United Kingdom","Warwick Place, Little Venice, London, W9, United KingdomHouse22",,house,
9250000,"No.1 Grosvenor Square, Mayfair, London, W1K 4AB","No.1 Grosvenor Square, Mayfair, London, W1K 4ABFlat22",,flat,
9250000,"Albert Hall Mansions, Kensington Gore, Kensington, London, SW7, United Kingdom","Albert Hall Mansions, Kensington Gore, Kensington, London, SW7, United KingdomFlat44",,flat,Kensington
9250000,"Residence 502, 2 Lucan Place, London, SW3","Residence 502, 2 Lucan Place, London, SW3Apartment33",,flat,
2500000,"George Street, Marylebone, London W1H","George Street, Marylebone, London W1HFlat33",,flat,
9250000,"Kensington Gore, London, SW7","Kensington Gore, London, SW7Apartment44",,flat,Kensington
9250000,"North Audley House, Mayfair, London, W1K, United Kingdom","North Audley House, Mayfair, London, W1K, United KingdomFlat33",,flat,
9000000,"Craven Street, Strand","Craven Street, StrandTerraced45",,,
9000000,"The Bishops Avenue, London, N2","The Bishops Avenue, London, N2Penthouse45",,flat,
9000000,"Lancelot Place, LONDON, SW7","Lancelot Place, LONDON, SW7Flat33",,flat,
9000000,"Earls Terrace, W8","Earls Terrace, W8 Town House65",,house,
9000000,"Chelsea Barracks, Mulberry Square SW1","Chelsea Barracks, Mulberry Square SW1Apartment32",,flat,
9000000,"24 New Globe Walk, London, SE1","24 New Globe Walk, London, SE1Flat55",,flat,
9000000,"Bolton Studios, 17b Gilston Road, SW10","Bolton Studios, 17b Gilston Road, SW10Apartment1",,flat,
9000000,"One Hyde Park, Knightsbridge","One Hyde Park, KnightsbridgeApartment22",,flat,
9000000,"Allingham Court, The Bishops Avenue, Hampstead, London, N2, United Kingdom","Allingham Court, The Bishops Avenue, Hampstead, London, N2, United KingdomPenthouse44",,flat,
9000000,"Cheyne Walk, London, SW10","Cheyne Walk, London, SW10Terraced85",,,
9000000,"White City Living, London, W12","White City Living, London, W12Apartment57",,flat,
8995000,"Park Street, London, W1K","Park Street, London, W1KTown House44",,house,
8995000,"Princes Gate Court, London, SW7","Princes Gate Court, London, SW7Flat66",,flat,
8995000,"Greville Place, St John's Wood, London, NW6","Greville Place, St John's Wood, London, NW6Detached66",,,
8995000,"Princes Gate Court, Exhibition Road, London, SW7","Princes Gate Court, Exhibition Road, London, SW7Apartment66",,flat,
8950000,"Ebury Square, Belgravia, London, SW1W","Ebury Square, Belgravia, London, SW1WApartment44",,flat,
8950000,"Abingdon Road, W8 6AH","Abingdon Road, W8 6AHTown House55",,house,
8950000,"Clifton Hill, St John's Wood, London, NW8","Clifton Hill, St John's Wood, London, NW8Detached65",,,
8950000,"Blomfield Road, Little Venice, London, W9, United Kingdom","Blomfield Road, Little Venice, London, W9, United KingdomHouse54",,house,
8950000,"Blomfield Road, London, W9","Blomfield Road, London, W9House54",,house,
8950000,"Portman Square, Marylebone, London, W1H","Portman Square, Marylebone, London, W1HApartment44",,flat,
8950000,"Spaniards Close, NW11","Spaniards Close, NW11Detached63",,,
550000,"Carlow House, Mornington Crescent, London, NW1","Carlow House, Mornington Crescent, London, NW1Flat11",,flat,
8950000,"Portman Square, W1H","Portman Square, W1HApartment43",,flat,
8950000,"Ebury Square, Belgravia, London, SW1W, United Kingdom","Ebury Square, Belgravia, London, SW1W, United KingdomFlat44",,flat,
8950000,"The Bishops Avenue, N2","The Bishops Avenue, N2Land",,,
8950000,"Abingdon Road, London, W8","Abingdon Road, London, W8Town House55",,house,
8950000,"Cranbourne Gardens, London, NW11","Cranbourne Gardens, London, NW11Detached1011",,,
8950000,"The Bishops Avenue, Hampstead Garden Suburb, London, N2","The Bishops Avenue, Hampstead Garden Suburb, London, N2Semi-Detached65",,,
8950000,"Leinster Gardens, Bayswater, London, W2.","Leinster Gardens, Bayswater, London, W2.Terraced77",,,
8950000,"Ebury Square, 
Belgravia, SW1W","Ebury Square, 
Belgravia, SW1WFlat44",,flat,
8950000,"Chepstow Crescent, London, W11","Chepstow Crescent, London, W11House76",,house,
8950000,"The Bishops Avenue, London, N2","The Bishops Avenue, London, N2Detached55",,,
8950000,"Abingdon Road, Kensington, London, W8","Abingdon Road, Kensington, London, W8Terraced54",,,Kensington
8950000,Orchard Court,Orchard CourtApartment43,,flat,
8950000,"Clifton Hill, St John's Wood NW8","Clifton Hill, St John's Wood NW8House65",,house,
8950000,"Park Street, Mayfair, London, W1K","Park Street, Mayfair, London, W1KFlat3",,flat,
8950000,"Eaton Place, Belgravia, London, SW1X","Eaton Place, Belgravia, London, SW1XApartment44",,flat,
8950000,"190 Strand, London","190 Strand, LondonPenthouse43",,flat,
8950000,"Spaniards Close, Hampstead Garden Suburb, London, NW11","Spaniards Close, Hampstead Garden Suburb, London, NW11Detached63",,,
8950000,"Egerton Terrace, London, SW3","Egerton Terrace, London, SW3Terraced53",,,
8950000,"Sheldon Avenue, N6","Sheldon Avenue, N6Detached77",,,
8950000,"Portman Square, London, W1H","Portman Square, London, W1HApartment43",,flat,
8950000,"Duke Street, Mayfair","Duke Street, MayfairPenthouse52",,flat,
8950000,"Wimpole Street, London","Wimpole Street, LondonTerraced55",,,
8950000,"Sheldon Avenue, London, N6","Sheldon Avenue, London, N6Detached77",,,
8950000,"Compton Avenue, N6","Compton Avenue, N6Detached66",,,
225000,"Woodsford, Portland Street, London, SE17","Woodsford, Portland Street, London, SE17Flat21",,flat,
8950000,"Hamilton Terrace, St Johns Wood, NW8","Hamilton Terrace, St Johns Wood, NW8Link Detached House64",,detached,
8950000,"Egerton Terrace, London, SW3","Egerton Terrace, London, SW3Terraced43",,,
8950000,"Orchard Court, Portman Square","Orchard Court, Portman SquareApartment34",,flat,
8950000,"Cliveden Place, London, SW1W","Cliveden Place, London, SW1WFlat44",,flat,
8900000,"Earls Terrace, London, W8","Earls Terrace, London, W8Terraced66",,,
8900000,"Wycombe Square, London, W8","Wycombe Square, London, W8End of Terrace66",,,
8900000,"Wycombe Square, London, W8","Wycombe Square, London, W8House65",,house,
8900000,"Wycombe Square, Kensington, W8","Wycombe Square, Kensington, W8House65",,house,Kensington
8825000,"Park Road, St John's Wood","Park Road, St John's WoodFlat66",,flat,
8825000,"Abbey Lodge, 
Park Road, NW8","Abbey Lodge, 
Park Road, NW8Flat66",,flat,
8825000,"Abbey Lodge, St John's Wood, London, NW8, United Kingdom","Abbey Lodge, St John's Wood, London, NW8, United KingdomFlat66",,flat,
8825000,"Park Road, St Johns Wood, London, NW8","Park Road, St Johns Wood, London, NW8Apartment66",,flat,
8825000,"Park Road, London, NW8","Park Road, London, NW8Apartment66",,flat,
8825000,"Abbey Lodge, Park Road, St John's Wood, London, NW8","Abbey Lodge, Park Road, St John's Wood, London, NW8Apartment66",,flat,
8825000,"Abbey Lodge, Park Road, London, NW8","Abbey Lodge, Park Road, London, NW8Apartment66",,flat,
8750000,"Eaton Square, London, SW1W","Eaton Square, London, SW1WApartment33",,flat,
8750000,"The OWO, St James's, London, SW1A, United Kingdom","The OWO, St James's, London, SW1A, United KingdomFlat22",,flat,
8750000,"Eaton Square, London","Eaton Square, LondonPenthouse33",,flat,
8750000,21 The Bishops Ave,21 The Bishops AveDetached87,,,
8750000,"The Bishops Avenue, London","The Bishops Avenue, LondonDetached67",,,
8750000,"Clifton Hill, London, NW8","Clifton Hill, London, NW8Town House63",,house,
8750000,"The OWO Residences, Whitehall, London, SW1A 2EU","The OWO Residences, Whitehall, London, SW1A 2EUApartment22",,flat,
8750000,"Eaton Square, Belgravia, London, SW1W, United Kingdom","Eaton Square, Belgravia, London, SW1W, United KingdomPenthouse33",,flat,
8750000,"Switch House West, Battersea Power Station, SW11","Switch House West, Battersea Power Station, SW11Penthouse44",,flat,
800000,"Bach House, 62 Wandsworth Road, London, SW8 2ST","Bach House, 62 Wandsworth Road, London, SW8 2STApartment22",,flat,Wandsworth
8750000,"The Bishops Avenue, N2","The Bishops Avenue, N2Detached87",,,
8750000,"Eaton Square, 
Belgravia, SW1W","Eaton Square, 
Belgravia, SW1WFlat33",,flat,
8750000,"The Bishops Avenue, London, N2","The Bishops Avenue, London, N2Detached87",,,
8600000,"The Little Boltons, Chelsea, SW10","The Little Boltons, Chelsea, SW10Maisonette43",,flat,
8500000,"Kemplay Road, London, NW3","Kemplay Road, London, NW3Detached63",,,
8500000,"Parliament Hill, London, NW3","Parliament Hill, London, NW3Semi-Detached56",,,
8500000,"Pont Street, Knightsbridge, London, SW1X","Pont Street, Knightsbridge, London, SW1XApartment43",,flat,
8500000,"Bryanston Square, Marylebone, W1H","Bryanston Square, Marylebone, W1HFlat66",,flat,
8500000,"Lincoln's Inn Fields, London, WC2","Lincoln's Inn Fields, London, WC2Block of Apartments",,flat,
8500000,"Parr's Way, London, W6","Parr's Way, London, W6Apartment55",,flat,
8500000,"St Stephens Gardens, Notting Hill, W2","St Stephens Gardens, Notting Hill, W2House1110",,house,
8500000,"St. Stephens Gardens, 
Notting Hill, W2","St. Stephens Gardens, 
Notting Hill, W2End of Terrace1110",,,
8500000,"Goldhurst House, Parr's Way, London, W6","Goldhurst House, Parr's Way, London, W6Penthouse55",,flat,
8500000,"Hamilton Terrace, St. John's Wood, London, NW8","Hamilton Terrace, St. John's Wood, London, NW8Semi-Detached65",,,
8500000,"Castelnau, Barnes, London, SW13","Castelnau, Barnes, London, SW13Detached76",,,
8500000,"THE GROVE, HIGHGATE VILLAGE, N6","THE GROVE, HIGHGATE VILLAGE, N6Semi-Detached75",,,
8500000,"Mallord Street, London, SW3","Mallord Street, London, SW3Terraced67",,,
8500000,"Lancelot Place, SW7","Lancelot Place, SW7Apartment33",,flat,
8500000,"Holland Park Villas, Campden Hill, Kensington, London, W8, United Kingdom","Holland Park Villas, Campden Hill, Kensington, London, W8, United KingdomApartment33",,flat,Kensington
8500000,"Shafto Mews, London, SW1X","Shafto Mews, London, SW1XTerraced33",,,
8500000,"Shafto Mews, London, SW1X","Shafto Mews, London, SW1XMews33",,,
8500000,"Castelnau, Barnes, London, SW13","Castelnau, Barnes, London, SW13Detached77",,,
8500000,"Bracknell Gardens, London, NW3","Bracknell Gardens, London, NW3Semi-Detached77",,,
8500000,"Charles Street, Mayfair","Charles Street, MayfairFlat44",,flat,
